,Benign,DNS,LDAP,MSSQL,NTP,NetBIOS,Portmap,SNMP,Syn,TFTP,UDP,UDP-lag,WebDDoS
Benign,28353,8,0,1,4,0,0,0,3,1,0,0,0
DNS,21,497,236,174,18,19,4,96,1,1,28,6,0
LDAP,1,231,368,38,0,3,1,174,0,0,0,1,0
MSSQL,0,110,28,3320,15,38,4,58,2,14,66,13,0
NTP,25,8,0,6,36350,3,0,1,6,5,1,2,3
NetBIOS,0,15,0,58,0,77,76,21,0,0,3,0,0
Portmap,6,2,0,5,2,91,77,1,18,0,3,0,0
SNMP,0,68,146,48,1,27,10,511,0,0,0,0,0
Syn,16,1,0,8,0,0,7,0,14203,10,3,86,0
TFTP,4,1,1,6,16,1,3,1,9,29586,0,46,0
UDP,0,39,1,122,2,7,2,1,3,1,7836,244,0
UDP-lag,8,4,4,9,6,1,1,4,68,28,555,1987,0
WebDDoS,1,0,0,0,12,0,0,0,0,0,0,0,2
