,Benign,DrDoS_DNS,DrDoS_LDAP,DrDoS_MSSQL,DrDoS_NTP,DrDoS_NetBIOS,DrDoS_SNMP,DrDoS_UDP,LDAP,MSSQL,NetBIOS,Portmap,Syn,TFTP,UDP,UDP-lag,WebDDoS
Benign,28339,15,1,0,11,0,1,0,0,0,0,0,1,2,0,0,0
DrDoS_DNS,12,495,108,82,30,5,75,17,137,111,6,5,0,0,16,2,0
DrDoS_LDAP,1,116,93,5,0,1,56,1,149,7,0,0,0,1,0,2,0
DrDoS_MSSQL,0,79,9,445,3,18,19,22,11,1229,0,1,2,3,22,1,0
DrDoS_NTP,40,11,0,4,36308,0,0,1,0,10,1,2,10,8,3,7,5
DrDoS_NetBIOS,1,6,0,20,0,17,9,1,0,25,61,35,3,0,1,0,0
DrDoS_SNMP,0,79,62,17,0,15,497,0,79,38,9,10,0,1,0,4,0
DrDoS_UDP,1,10,0,18,1,0,2,1215,1,25,0,0,2,2,1737,112,0
LDAP,0,150,164,11,0,0,85,0,147,5,0,0,0,0,0,4,0
MSSQL,0,72,7,1082,6,11,34,19,14,1244,0,1,2,2,34,2,0
NetBIOS,1,5,0,0,0,50,5,0,0,0,28,51,1,0,2,0,0
Portmap,5,2,0,1,1,38,2,1,1,4,52,77,18,2,1,0,0
Syn,12,2,0,2,2,0,0,1,0,3,0,8,14219,8,2,75,0
TFTP,7,0,0,1,10,0,1,1,0,3,0,0,11,29602,1,37,0
UDP,0,11,0,28,0,1,0,1353,0,51,0,1,4,1,3684,205,0
UDP-lag,2,2,1,2,8,0,2,169,3,1,0,1,70,43,384,1986,0
WebDDoS,4,0,0,0,9,0,0,0,0,0,0,0,0,1,0,0,1
