,importance
bwd packets/s,0.1320897239964893
down/up ratio,0.09413312986499321
fwd packet length min,0.07678996896310605
bwd packet length max,0.07637982260104036
urg flag count,0.05648273161618324
bwd packets length total,0.051296379424934216
bwd packet length mean,0.04581419416859087
init bwd win bytes,0.044930273137378185
init fwd win bytes,0.03636120522290007
fwd packet length max,0.03540739191021012
ack flag count,0.030336257862756632
bwd iat total,0.025656224923076024
bwd iat min,0.025213324690675224
flow iat mean,0.021052103777648653
fwd act data packets,0.02029703989036088
bwd packet length min,0.01787269168864581
flow iat max,0.01721869099005384
flow packets/s,0.016345053986052113
fwd packets length total,0.015545077040143032
fwd psh flags,0.012868851890942258
idle std,0.012474938769067391
packet length variance,0.01075636670574026
flow duration,0.010379035833638703
packet length max,0.01032634734088424
total backward packets,0.010211294976037894
bwd iat mean,0.01014481722221089
flow iat min,0.01002823857272581
bwd iat max,0.0096556944803836
total fwd packets,0.009599395628009138
flow iat std,0.007971265278529018
